latency_ns,cdf
745000,0.000488281
773000,0.000976562
972000,0.00146484
1.501e+06,0.00195312
1.673e+06,0.00244141
2.03e+06,0.00292969
2.03e+06,0.00341797
2.03e+06,0.00390625
2.03e+06,0.00439453
2.03e+06,0.00488281
2.03e+06,0.00537109
2.03e+06,0.00585938
2.03e+06,0.00634766
2.03e+06,0.00683594
2.03e+06,0.00732422
2.03e+06,0.0078125
2.03e+06,0.00830078
2.03e+06,0.00878906
2.03e+06,0.00927734
2.03e+06,0.00976562
2.03e+06,0.0102539
2.03e+06,0.0107422
2.03e+06,0.0112305
2.03e+06,0.0117188
2.03e+06,0.012207
2.03e+06,0.0126953
2.03e+06,0.0131836
2.03e+06,0.0136719
2.03e+06,0.0141602
2.03e+06,0.0146484
2.03e+06,0.0151367
2.03e+06,0.015625
2.03e+06,0.0161133
2.03e+06,0.0166016
2.03e+06,0.0170898
2.03e+06,0.0175781
2.03e+06,0.0180664
2.03e+06,0.0185547
2.03e+06,0.019043
2.03e+06,0.0195312
2.03e+06,0.0200195
2.03e+06,0.0205078
2.03e+06,0.0209961
2.03e+06,0.0214844
2.03e+06,0.0219727
2.03e+06,0.0224609
2.03e+06,0.0229492
2.03e+06,0.0234375
2.03e+06,0.0239258
2.03e+06,0.0244141
2.03e+06,0.0249023
2.03e+06,0.0253906
2.03e+06,0.0258789
2.03e+06,0.0263672
2.03e+06,0.0268555
2.03e+06,0.0273438
2.03e+06,0.027832
2.03e+06,0.0283203
2.03e+06,0.0288086
2.03e+06,0.0292969
2.03e+06,0.0297852
2.03e+06,0.0302734
2.03e+06,0.0307617
2.03e+06,0.03125
2.03e+06,0.0317383
2.03e+06,0.0322266
2.03e+06,0.0327148
2.03e+06,0.0332031
2.03e+06,0.0336914
2.03e+06,0.0341797
2.03e+06,0.034668
2.03e+06,0.0351562
2.03e+06,0.0356445
2.03e+06,0.0361328
2.03e+06,0.0366211
2.03e+06,0.0371094
2.03e+06,0.0375977
2.03e+06,0.0380859
2.03e+06,0.0385742
2.03e+06,0.0390625
2.03e+06,0.0395508
2.03e+06,0.0400391
2.03e+06,0.0405273
2.03e+06,0.0410156
2.03e+06,0.0415039
2.03e+06,0.0419922
2.03e+06,0.0424805
2.03e+06,0.0429688
2.03e+06,0.043457
2.03e+06,0.0439453
2.03e+06,0.0444336
2.03e+06,0.0449219
2.03e+06,0.0454102
2.03e+06,0.0458984
2.03e+06,0.0463867
2.03e+06,0.046875
2.03e+06,0.0473633
2.03e+06,0.0478516
2.03e+06,0.0483398
2.03e+06,0.0488281
2.03e+06,0.0493164
2.03e+06,0.0498047
2.03e+06,0.050293
2.03e+06,0.0507812
2.03e+06,0.0512695
2.03e+06,0.0517578
2.03e+06,0.0522461
2.03e+06,0.0527344
2.03e+06,0.0532227
2.03e+06,0.0537109
2.03e+06,0.0541992
2.03e+06,0.0546875
2.03e+06,0.0551758
2.03e+06,0.0556641
2.03e+06,0.0561523
2.03e+06,0.0566406
2.03e+06,0.0571289
2.03e+06,0.0576172
2.03e+06,0.0581055
2.03e+06,0.0585938
2.03e+06,0.059082
2.03e+06,0.0595703
2.03e+06,0.0600586
2.03e+06,0.0605469
2.03e+06,0.0610352
2.03e+06,0.0615234
2.03e+06,0.0620117
2.03e+06,0.0625
2.04e+06,0.0629883
2.04e+06,0.0634766
2.04e+06,0.0639648
2.04e+06,0.0644531
2.04e+06,0.0649414
2.04e+06,0.0654297
2.04e+06,0.065918
2.04e+06,0.0664062
2.04e+06,0.0668945
2.04e+06,0.0673828
2.04e+06,0.0678711
2.04e+06,0.0683594
2.04e+06,0.0688477
2.04e+06,0.0693359
2.04e+06,0.0698242
2.04e+06,0.0703125
2.04e+06,0.0708008
2.04e+06,0.0712891
2.04e+06,0.0717773
2.04e+06,0.0722656
2.04e+06,0.0727539
2.04e+06,0.0732422
2.04e+06,0.0737305
2.04e+06,0.0742188
2.04e+06,0.074707
2.04e+06,0.0751953
2.04e+06,0.0756836
2.04e+06,0.0761719
2.04e+06,0.0766602
2.04e+06,0.0771484
2.04e+06,0.0776367
2.04e+06,0.078125
2.04e+06,0.0786133
2.04e+06,0.0791016
2.04e+06,0.0795898
2.04e+06,0.0800781
2.04e+06,0.0805664
2.04e+06,0.0810547
2.04e+06,0.081543
2.04e+06,0.0820312
2.04e+06,0.0825195
2.04e+06,0.0830078
2.04e+06,0.0834961
2.04e+06,0.0839844
2.04e+06,0.0844727
2.04e+06,0.0849609
2.04e+06,0.0854492
2.04e+06,0.0859375
2.04e+06,0.0864258
2.04e+06,0.0869141
2.04e+06,0.0874023
2.04e+06,0.0878906
2.04e+06,0.0883789
2.04e+06,0.0888672
2.04e+06,0.0893555
2.04e+06,0.0898438
2.04e+06,0.090332
2.04e+06,0.0908203
2.04e+06,0.0913086
2.04e+06,0.0917969
2.04e+06,0.0922852
2.04e+06,0.0927734
2.04e+06,0.0932617
2.04e+06,0.09375
2.04e+06,0.0942383
2.04e+06,0.0947266
2.04e+06,0.0952148
2.04e+06,0.0957031
2.04e+06,0.0961914
2.04e+06,0.0966797
2.04e+06,0.097168
2.04e+06,0.0976562
2.04e+06,0.0981445
2.04e+06,0.0986328
2.04e+06,0.0991211
2.04e+06,0.0996094
2.04e+06,0.100098
2.04e+06,0.100586
2.04e+06,0.101074
2.04e+06,0.101562
2.04e+06,0.102051
2.04e+06,0.102539
2.04e+06,0.103027
2.04e+06,0.103516
2.04e+06,0.104004
2.04e+06,0.104492
2.04e+06,0.10498
2.04e+06,0.105469
2.04e+06,0.105957
2.04e+06,0.106445
2.04e+06,0.106934
2.04e+06,0.107422
2.04e+06,0.10791
2.04e+06,0.108398
2.04e+06,0.108887
2.04e+06,0.109375
2.04e+06,0.109863
2.04e+06,0.110352
2.04e+06,0.11084
2.04e+06,0.111328
2.04e+06,0.111816
2.04e+06,0.112305
2.04e+06,0.112793
2.04e+06,0.113281
2.04e+06,0.11377
2.04e+06,0.114258
2.04e+06,0.114746
2.04e+06,0.115234
2.04e+06,0.115723
2.04e+06,0.116211
2.04e+06,0.116699
2.04e+06,0.117188
2.04e+06,0.117676
2.04e+06,0.118164
2.04e+06,0.118652
2.04e+06,0.119141
2.04e+06,0.119629
2.04e+06,0.120117
2.04e+06,0.120605
2.04e+06,0.121094
2.04e+06,0.121582
2.04e+06,0.12207
2.04e+06,0.122559
2.04e+06,0.123047
2.04e+06,0.123535
2.04e+06,0.124023
2.04e+06,0.124512
2.04e+06,0.125
2.04e+06,0.125488
2.04e+06,0.125977
2.04e+06,0.126465
2.04e+06,0.126953
2.04e+06,0.127441
2.04e+06,0.12793
2.04e+06,0.128418
2.04e+06,0.128906
2.04e+06,0.129395
2.04e+06,0.129883
2.04e+06,0.130371
2.04e+06,0.130859
2.04e+06,0.131348
2.04e+06,0.131836
2.04e+06,0.132324
2.04e+06,0.132812
2.04e+06,0.133301
2.04e+06,0.133789
2.04e+06,0.134277
2.04e+06,0.134766
2.04e+06,0.135254
2.04e+06,0.135742
2.04e+06,0.13623
2.04e+06,0.136719
2.04e+06,0.137207
2.04e+06,0.137695
2.04e+06,0.138184
2.04e+06,0.138672
2.04e+06,0.13916
2.04e+06,0.139648
2.04e+06,0.140137
2.04e+06,0.140625
2.04e+06,0.141113
2.04e+06,0.141602
2.04e+06,0.14209
2.04e+06,0.142578
2.04e+06,0.143066
2.04e+06,0.143555
2.04e+06,0.144043
2.04e+06,0.144531
2.04e+06,0.14502
2.04e+06,0.145508
2.04e+06,0.145996
2.04e+06,0.146484
2.04e+06,0.146973
2.04e+06,0.147461
2.04e+06,0.147949
2.04e+06,0.148438
2.04e+06,0.148926
2.04e+06,0.149414
2.04e+06,0.149902
2.04e+06,0.150391
2.04e+06,0.150879
2.04e+06,0.151367
2.04e+06,0.151855
2.04e+06,0.152344
2.04e+06,0.152832
2.04e+06,0.15332
2.04e+06,0.153809
2.04e+06,0.154297
2.04e+06,0.154785
2.04e+06,0.155273
2.04e+06,0.155762
2.04e+06,0.15625
2.04e+06,0.156738
2.04e+06,0.157227
2.04e+06,0.157715
2.04e+06,0.158203
2.04e+06,0.158691
2.04e+06,0.15918
2.04e+06,0.159668
2.04e+06,0.160156
2.04e+06,0.160645
2.04e+06,0.161133
2.04e+06,0.161621
2.04e+06,0.162109
2.04e+06,0.162598
2.04e+06,0.163086
2.04e+06,0.163574
2.04e+06,0.164062
2.04e+06,0.164551
2.04e+06,0.165039
2.04e+06,0.165527
2.04e+06,0.166016
2.04e+06,0.166504
2.04e+06,0.166992
2.04e+06,0.16748
2.04e+06,0.167969
2.04e+06,0.168457
2.04e+06,0.168945
2.04e+06,0.169434
2.04e+06,0.169922
2.04e+06,0.17041
2.04e+06,0.170898
2.04e+06,0.171387
2.04e+06,0.171875
2.04e+06,0.172363
2.04e+06,0.172852
2.04e+06,0.17334
2.04e+06,0.173828
2.04e+06,0.174316
2.04e+06,0.174805
2.04e+06,0.175293
2.04e+06,0.175781
2.04e+06,0.17627
2.04e+06,0.176758
2.04e+06,0.177246
2.04e+06,0.177734
2.04e+06,0.178223
2.04e+06,0.178711
2.04e+06,0.179199
2.04e+06,0.179688
2.04e+06,0.180176
2.04e+06,0.180664
2.04e+06,0.181152
2.04e+06,0.181641
2.04e+06,0.182129
2.04e+06,0.182617
2.04e+06,0.183105
2.04e+06,0.183594
2.04e+06,0.184082
2.04e+06,0.18457
2.04e+06,0.185059
2.04e+06,0.185547
2.04e+06,0.186035
2.04e+06,0.186523
2.04e+06,0.187012
2.04e+06,0.1875
2.04e+06,0.187988
2.04e+06,0.188477
2.04e+06,0.188965
2.04e+06,0.189453
2.04e+06,0.189941
2.04e+06,0.19043
2.04e+06,0.190918
2.04e+06,0.191406
2.04e+06,0.191895
2.04e+06,0.192383
2.04e+06,0.192871
2.04e+06,0.193359
2.04e+06,0.193848
2.04e+06,0.194336
2.04e+06,0.194824
2.04e+06,0.195312
2.04e+06,0.195801
2.04e+06,0.196289
2.04e+06,0.196777
2.04e+06,0.197266
2.04e+06,0.197754
2.04e+06,0.198242
2.04e+06,0.19873
2.04e+06,0.199219
2.04e+06,0.199707
2.04e+06,0.200195
2.04e+06,0.200684
2.04e+06,0.201172
2.04e+06,0.20166
2.04e+06,0.202148
2.04e+06,0.202637
2.04e+06,0.203125
2.04e+06,0.203613
2.04e+06,0.204102
2.04e+06,0.20459
2.04e+06,0.205078
2.04e+06,0.205566
2.04e+06,0.206055
2.04e+06,0.206543
2.04e+06,0.207031
2.04e+06,0.20752
2.04e+06,0.208008
2.04e+06,0.208496
2.04e+06,0.208984
2.04e+06,0.209473
2.04e+06,0.209961
2.04e+06,0.210449
2.04e+06,0.210938
2.04e+06,0.211426
2.04e+06,0.211914
2.04e+06,0.212402
2.04e+06,0.212891
2.04e+06,0.213379
2.04e+06,0.213867
2.04e+06,0.214355
2.04e+06,0.214844
2.04e+06,0.215332
2.04e+06,0.21582
2.04e+06,0.216309
2.04e+06,0.216797
2.04e+06,0.217285
2.04e+06,0.217773
2.04e+06,0.218262
2.04e+06,0.21875
2.04e+06,0.219238
2.04e+06,0.219727
2.04e+06,0.220215
2.04e+06,0.220703
2.04e+06,0.221191
2.04e+06,0.22168
2.04e+06,0.222168
2.04e+06,0.222656
2.04e+06,0.223145
2.04e+06,0.223633
2.04e+06,0.224121
2.04e+06,0.224609
2.04e+06,0.225098
2.04e+06,0.225586
2.04e+06,0.226074
2.04e+06,0.226562
2.04e+06,0.227051
2.04e+06,0.227539
2.04e+06,0.228027
2.04e+06,0.228516
2.04e+06,0.229004
2.04e+06,0.229492
2.04e+06,0.22998
2.04e+06,0.230469
2.04e+06,0.230957
2.04e+06,0.231445
2.04e+06,0.231934
2.04e+06,0.232422
2.04e+06,0.23291
2.04e+06,0.233398
2.04e+06,0.233887
2.04e+06,0.234375
2.04e+06,0.234863
2.04e+06,0.235352
2.04e+06,0.23584
2.04e+06,0.236328
2.04e+06,0.236816
2.04e+06,0.237305
2.04e+06,0.237793
2.04e+06,0.238281
2.04e+06,0.23877
2.04e+06,0.239258
2.04e+06,0.239746
2.04e+06,0.240234
2.04e+06,0.240723
2.04e+06,0.241211
2.04e+06,0.241699
2.04e+06,0.242188
2.04e+06,0.242676
2.04e+06,0.243164
2.04e+06,0.243652
2.04e+06,0.244141
2.04e+06,0.244629
2.04e+06,0.245117
2.04e+06,0.245605
2.04e+06,0.246094
2.04e+06,0.246582
2.04e+06,0.24707
2.04e+06,0.247559
2.04e+06,0.248047
2.04e+06,0.248535
2.04e+06,0.249023
2.04e+06,0.249512
2.04e+06,0.25
2.04e+06,0.250488
2.04e+06,0.250977
2.04e+06,0.251465
2.04e+06,0.251953
2.04e+06,0.252441
2.04e+06,0.25293
2.04e+06,0.253418
2.04e+06,0.253906
2.04e+06,0.254395
2.04e+06,0.254883
2.04e+06,0.255371
2.04e+06,0.255859
2.04e+06,0.256348
2.04e+06,0.256836
2.04e+06,0.257324
2.04e+06,0.257812
2.04e+06,0.258301
2.04e+06,0.258789
2.04e+06,0.259277
2.04e+06,0.259766
2.04e+06,0.260254
2.04e+06,0.260742
2.04e+06,0.26123
2.04e+06,0.261719
2.04e+06,0.262207
2.04e+06,0.262695
2.04e+06,0.263184
2.04e+06,0.263672
2.04e+06,0.26416
2.04e+06,0.264648
2.04e+06,0.265137
2.04e+06,0.265625
2.04e+06,0.266113
2.04e+06,0.266602
2.04e+06,0.26709
2.04e+06,0.267578
2.04e+06,0.268066
2.04e+06,0.268555
2.04e+06,0.269043
2.04e+06,0.269531
2.04e+06,0.27002
2.04e+06,0.270508
2.04e+06,0.270996
2.04e+06,0.271484
2.04e+06,0.271973
2.04e+06,0.272461
2.04e+06,0.272949
2.04e+06,0.273438
2.04e+06,0.273926
2.04e+06,0.274414
2.04e+06,0.274902
2.04e+06,0.275391
2.04e+06,0.275879
2.04e+06,0.276367
2.04e+06,0.276855
2.04e+06,0.277344
2.04e+06,0.277832
2.04e+06,0.27832
2.04e+06,0.278809
2.04e+06,0.279297
2.04e+06,0.279785
2.04e+06,0.280273
2.04e+06,0.280762
2.04e+06,0.28125
2.04e+06,0.281738
2.04e+06,0.282227
2.04e+06,0.282715
2.04e+06,0.283203
2.04e+06,0.283691
2.04e+06,0.28418
2.04e+06,0.284668
2.04e+06,0.285156
2.04e+06,0.285645
2.04e+06,0.286133
2.04e+06,0.286621
2.04e+06,0.287109
2.04e+06,0.287598
2.04e+06,0.288086
2.04e+06,0.288574
2.04e+06,0.289062
2.04e+06,0.289551
2.04e+06,0.290039
2.04e+06,0.290527
2.04e+06,0.291016
2.04e+06,0.291504
2.04e+06,0.291992
2.04e+06,0.29248
2.04e+06,0.292969
2.04e+06,0.293457
2.04e+06,0.293945
2.04e+06,0.294434
2.04e+06,0.294922
2.04e+06,0.29541
2.04e+06,0.295898
2.04e+06,0.296387
2.04e+06,0.296875
2.04e+06,0.297363
2.04e+06,0.297852
2.04e+06,0.29834
2.04e+06,0.298828
2.04e+06,0.299316
2.04e+06,0.299805
2.04e+06,0.300293
2.04e+06,0.300781
2.04e+06,0.30127
2.04e+06,0.301758
2.04e+06,0.302246
2.04e+06,0.302734
2.04e+06,0.303223
2.04e+06,0.303711
2.04e+06,0.304199
2.04e+06,0.304688
2.04e+06,0.305176
2.04e+06,0.305664
2.04e+06,0.306152
2.04e+06,0.306641
2.04e+06,0.307129
2.04e+06,0.307617
2.04e+06,0.308105
2.04e+06,0.308594
2.04e+06,0.309082
2.04e+06,0.30957
2.04e+06,0.310059
2.04e+06,0.310547
2.04e+06,0.311035
2.04e+06,0.311523
2.04e+06,0.312012
2.04e+06,0.3125
2.04e+06,0.312988
2.04e+06,0.313477
2.04e+06,0.313965
2.04e+06,0.314453
2.04e+06,0.314941
2.04e+06,0.31543
2.04e+06,0.315918
2.04e+06,0.316406
2.04e+06,0.316895
2.04e+06,0.317383
2.04e+06,0.317871
2.04e+06,0.318359
2.04e+06,0.318848
2.04e+06,0.319336
2.04e+06,0.319824
2.04e+06,0.320312
2.04e+06,0.320801
2.04e+06,0.321289
2.04e+06,0.321777
2.04e+06,0.322266
2.04e+06,0.322754
2.04e+06,0.323242
2.04e+06,0.32373
2.04e+06,0.324219
2.04e+06,0.324707
2.04e+06,0.325195
2.06e+06,0.325684
2.06e+06,0.326172
2.06e+06,0.32666
2.06e+06,0.327148
2.06e+06,0.327637
2.06e+06,0.328125
2.06e+06,0.328613
2.06e+06,0.329102
2.06e+06,0.32959
2.06e+06,0.330078
2.06e+06,0.330566
2.06e+06,0.331055
2.06e+06,0.331543
2.06e+06,0.332031
2.06e+06,0.33252
2.06e+06,0.333008
2.06e+06,0.333496
2.06e+06,0.333984
2.06e+06,0.334473
2.06e+06,0.334961
2.06e+06,0.335449
2.06e+06,0.335938
2.06e+06,0.336426
2.06e+06,0.336914
2.06e+06,0.337402
2.06e+06,0.337891
2.06e+06,0.338379
2.06e+06,0.338867
2.06e+06,0.339355
2.06e+06,0.339844
2.06e+06,0.340332
2.06e+06,0.34082
2.06e+06,0.341309
2.06e+06,0.341797
2.06e+06,0.342285
2.06e+06,0.342773
2.06e+06,0.343262
2.06e+06,0.34375
2.06e+06,0.344238
2.06e+06,0.344727
2.06e+06,0.345215
2.06e+06,0.345703
2.06e+06,0.346191
2.06e+06,0.34668
2.06e+06,0.347168
2.06e+06,0.347656
2.06e+06,0.348145
2.06e+06,0.348633
2.06e+06,0.349121
2.06e+06,0.349609
2.06e+06,0.350098
2.06e+06,0.350586
2.06e+06,0.351074
2.06e+06,0.351562
2.06e+06,0.352051
2.06e+06,0.352539
2.06e+06,0.353027
2.06e+06,0.353516
2.06e+06,0.354004
2.06e+06,0.354492
2.06e+06,0.35498
2.06e+06,0.355469
2.06e+06,0.355957
2.06e+06,0.356445
2.06e+06,0.356934
2.06e+06,0.357422
2.06e+06,0.35791
2.06e+06,0.358398
2.06e+06,0.358887
2.06e+06,0.359375
2.06e+06,0.359863
2.06e+06,0.360352
2.06e+06,0.36084
2.06e+06,0.361328
2.06e+06,0.361816
2.06e+06,0.362305
2.06e+06,0.362793
2.06e+06,0.363281
2.06e+06,0.36377
2.06e+06,0.364258
2.06e+06,0.364746
2.06e+06,0.365234
2.06e+06,0.365723
2.06e+06,0.366211
2.06e+06,0.366699
2.06e+06,0.367188
2.06e+06,0.367676
2.06e+06,0.368164
2.06e+06,0.368652
2.06e+06,0.369141
2.06e+06,0.369629
2.06e+06,0.370117
2.06e+06,0.370605
2.06e+06,0.371094
2.06e+06,0.371582
2.06e+06,0.37207
2.06e+06,0.372559
2.06e+06,0.373047
2.06e+06,0.373535
2.06e+06,0.374023
2.06e+06,0.374512
2.06e+06,0.375
2.06e+06,0.375488
2.06e+06,0.375977
2.06e+06,0.376465
2.06e+06,0.376953
2.06e+06,0.377441
2.06e+06,0.37793
2.06e+06,0.378418
2.06e+06,0.378906
2.06e+06,0.379395
2.06e+06,0.379883
2.06e+06,0.380371
2.06e+06,0.380859
2.06e+06,0.381348
2.06e+06,0.381836
2.06e+06,0.382324
2.06e+06,0.382812
2.06e+06,0.383301
2.06e+06,0.383789
2.06e+06,0.384277
2.06e+06,0.384766
2.06e+06,0.385254
2.06e+06,0.385742
2.06e+06,0.38623
2.06e+06,0.386719
2.06e+06,0.387207
2.06e+06,0.387695
2.06e+06,0.388184
2.06e+06,0.388672
2.06e+06,0.38916
2.06e+06,0.389648
2.06e+06,0.390137
2.06e+06,0.390625
2.06e+06,0.391113
2.06e+06,0.391602
2.06e+06,0.39209
2.06e+06,0.392578
2.06e+06,0.393066
2.06e+06,0.393555
2.06e+06,0.394043
2.06e+06,0.394531
2.06e+06,0.39502
2.06e+06,0.395508
2.06e+06,0.395996
2.06e+06,0.396484
2.06e+06,0.396973
2.06e+06,0.397461
2.06e+06,0.397949
2.06e+06,0.398438
2.06e+06,0.398926
2.06e+06,0.399414
2.06e+06,0.399902
2.06e+06,0.400391
2.06e+06,0.400879
2.06e+06,0.401367
2.06e+06,0.401855
2.06e+06,0.402344
2.06e+06,0.402832
2.06e+06,0.40332
2.06e+06,0.403809
2.06e+06,0.404297
2.06e+06,0.404785
2.06e+06,0.405273
2.06e+06,0.405762
2.06e+06,0.40625
2.06e+06,0.406738
2.06e+06,0.407227
2.06e+06,0.407715
2.06e+06,0.408203
2.06e+06,0.408691
2.06e+06,0.40918
2.06e+06,0.409668
2.06e+06,0.410156
2.06e+06,0.410645
2.06e+06,0.411133
2.06e+06,0.411621
2.06e+06,0.412109
2.06e+06,0.412598
2.06e+06,0.413086
2.06e+06,0.413574
2.06e+06,0.414062
2.06e+06,0.414551
2.06e+06,0.415039
2.06e+06,0.415527
2.06e+06,0.416016
2.06e+06,0.416504
2.06e+06,0.416992
2.06e+06,0.41748
2.06e+06,0.417969
2.06e+06,0.418457
2.06e+06,0.418945
2.06e+06,0.419434
2.06e+06,0.419922
2.06e+06,0.42041
2.06e+06,0.420898
2.06e+06,0.421387
2.06e+06,0.421875
2.06e+06,0.422363
2.06e+06,0.422852
2.06e+06,0.42334
2.06e+06,0.423828
2.06e+06,0.424316
2.06e+06,0.424805
2.06e+06,0.425293
2.06e+06,0.425781
2.06e+06,0.42627
2.06e+06,0.426758
2.06e+06,0.427246
2.06e+06,0.427734
2.06e+06,0.428223
2.06e+06,0.428711
2.06e+06,0.429199
2.06e+06,0.429688
2.06e+06,0.430176
2.06e+06,0.430664
2.06e+06,0.431152
2.06e+06,0.431641
2.06e+06,0.432129
2.06e+06,0.432617
2.06e+06,0.433105
2.06e+06,0.433594
2.06e+06,0.434082
2.06e+06,0.43457
2.06e+06,0.435059
2.06e+06,0.435547
2.06e+06,0.436035
2.06e+06,0.436523
2.06e+06,0.437012
2.06e+06,0.4375
2.06e+06,0.437988
2.06e+06,0.438477
2.06e+06,0.438965
2.06e+06,0.439453
2.06e+06,0.439941
2.06e+06,0.44043
2.06e+06,0.440918
2.06e+06,0.441406
2.06e+06,0.441895
2.06e+06,0.442383
2.06e+06,0.442871
2.06e+06,0.443359
2.06e+06,0.443848
2.06e+06,0.444336
2.06e+06,0.444824
2.06e+06,0.445312
2.06e+06,0.445801
2.06e+06,0.446289
2.06e+06,0.446777
2.06e+06,0.447266
2.06e+06,0.447754
2.06e+06,0.448242
2.06e+06,0.44873
2.06e+06,0.449219
2.06e+06,0.449707
2.06e+06,0.450195
2.06e+06,0.450684
2.06e+06,0.451172
2.06e+06,0.45166
2.06e+06,0.452148
2.06e+06,0.452637
2.06e+06,0.453125
2.06e+06,0.453613
2.06e+06,0.454102
2.06e+06,0.45459
2.06e+06,0.455078
2.06e+06,0.455566
2.06e+06,0.456055
2.06e+06,0.456543
2.06e+06,0.457031
2.06e+06,0.45752
2.06e+06,0.458008
2.06e+06,0.458496
2.06e+06,0.458984
2.06e+06,0.459473
2.06e+06,0.459961
2.06e+06,0.460449
2.06e+06,0.460938
2.06e+06,0.461426
2.06e+06,0.461914
2.06e+06,0.462402
2.06e+06,0.462891
2.06e+06,0.463379
2.06e+06,0.463867
2.06e+06,0.464355
2.06e+06,0.464844
2.06e+06,0.465332
2.06e+06,0.46582
2.06e+06,0.466309
2.06e+06,0.466797
2.06e+06,0.467285
2.06e+06,0.467773
2.06e+06,0.468262
2.06e+06,0.46875
2.06e+06,0.469238
2.06e+06,0.469727
2.06e+06,0.470215
2.06e+06,0.470703
2.06e+06,0.471191
2.06e+06,0.47168
2.06e+06,0.472168
2.06e+06,0.472656
2.06e+06,0.473145
2.06e+06,0.473633
2.06e+06,0.474121
2.06e+06,0.474609
2.06e+06,0.475098
2.06e+06,0.475586
2.06e+06,0.476074
2.06e+06,0.476562
2.06e+06,0.477051
2.06e+06,0.477539
2.06e+06,0.478027
2.06e+06,0.478516
2.06e+06,0.479004
2.06e+06,0.479492
2.06e+06,0.47998
2.06e+06,0.480469
2.06e+06,0.480957
2.06e+06,0.481445
2.06e+06,0.481934
2.06e+06,0.482422
2.06e+06,0.48291
2.06e+06,0.483398
2.06e+06,0.483887
2.06e+06,0.484375
2.06e+06,0.484863
2.06e+06,0.485352
2.06e+06,0.48584
2.06e+06,0.486328
2.08e+06,0.486816
2.08e+06,0.487305
2.08e+06,0.487793
2.08e+06,0.488281
2.08e+06,0.48877
2.08e+06,0.489258
2.08e+06,0.489746
2.08e+06,0.490234
2.08e+06,0.490723
2.08e+06,0.491211
2.08e+06,0.491699
2.08e+06,0.492188
2.08e+06,0.492676
2.08e+06,0.493164
2.08e+06,0.493652
2.08e+06,0.494141
2.08e+06,0.494629
2.08e+06,0.495117
2.08e+06,0.495605
2.08e+06,0.496094
2.08e+06,0.496582
2.08e+06,0.49707
2.08e+06,0.497559
2.08e+06,0.498047
2.08e+06,0.498535
2.08e+06,0.499023
2.08e+06,0.499512
2.08e+06,0.5
2.08e+06,0.500488
2.08e+06,0.500977
2.08e+06,0.501465
2.08e+06,0.501953
2.08e+06,0.502441
2.08e+06,0.50293
2.08e+06,0.503418
2.08e+06,0.503906
2.08e+06,0.504395
2.08e+06,0.504883
2.08e+06,0.505371
2.08e+06,0.505859
2.08e+06,0.506348
2.08e+06,0.506836
2.08e+06,0.507324
2.08e+06,0.507812
2.08e+06,0.508301
2.08e+06,0.508789
2.08e+06,0.509277
2.08e+06,0.509766
2.08e+06,0.510254
2.08e+06,0.510742
2.08e+06,0.51123
2.08e+06,0.511719
2.08e+06,0.512207
2.08e+06,0.512695
2.08e+06,0.513184
2.08e+06,0.513672
2.08e+06,0.51416
2.08e+06,0.514648
2.08e+06,0.515137
2.08e+06,0.515625
2.08e+06,0.516113
2.08e+06,0.516602
2.08e+06,0.51709
2.08e+06,0.517578
2.08e+06,0.518066
2.08e+06,0.518555
2.08e+06,0.519043
2.08e+06,0.519531
2.08e+06,0.52002
2.08e+06,0.520508
2.08e+06,0.520996
2.08e+06,0.521484
2.08e+06,0.521973
2.08e+06,0.522461
2.08e+06,0.522949
2.08e+06,0.523438
2.08e+06,0.523926
2.08e+06,0.524414
2.08e+06,0.524902
2.08e+06,0.525391
2.08e+06,0.525879
2.08e+06,0.526367
2.08e+06,0.526855
2.08e+06,0.527344
2.08e+06,0.527832
2.08e+06,0.52832
2.08e+06,0.528809
2.08e+06,0.529297
2.08e+06,0.529785
2.08e+06,0.530273
2.08e+06,0.530762
2.08e+06,0.53125
2.08e+06,0.531738
2.08e+06,0.532227
2.08e+06,0.532715
2.08e+06,0.533203
2.08e+06,0.533691
2.08e+06,0.53418
2.08e+06,0.534668
2.08e+06,0.535156
2.08e+06,0.535645
2.08e+06,0.536133
2.08e+06,0.536621
2.08e+06,0.537109
2.08e+06,0.537598
2.08e+06,0.538086
2.08e+06,0.538574
2.08e+06,0.539062
2.08e+06,0.539551
2.08e+06,0.540039
2.08e+06,0.540527
2.08e+06,0.541016
2.08e+06,0.541504
2.08e+06,0.541992
2.08e+06,0.54248
2.08e+06,0.542969
2.08e+06,0.543457
2.08e+06,0.543945
2.08e+06,0.544434
2.08e+06,0.544922
2.08e+06,0.54541
2.08e+06,0.545898
2.08e+06,0.546387
2.08e+06,0.546875
2.08e+06,0.547363
2.08e+06,0.547852
2.08e+06,0.54834
2.08e+06,0.548828
2.08e+06,0.549316
2.08e+06,0.549805
2.08e+06,0.550293
2.08e+06,0.550781
2.08e+06,0.55127
2.08e+06,0.551758
2.08e+06,0.552246
2.08e+06,0.552734
2.08e+06,0.553223
2.08e+06,0.553711
2.08e+06,0.554199
2.08e+06,0.554688
2.08e+06,0.555176
2.08e+06,0.555664
2.08e+06,0.556152
2.08e+06,0.556641
2.08e+06,0.557129
2.08e+06,0.557617
2.08e+06,0.558105
2.08e+06,0.558594
2.08e+06,0.559082
2.08e+06,0.55957
2.08e+06,0.560059
2.08e+06,0.560547
2.08e+06,0.561035
2.08e+06,0.561523
2.08e+06,0.562012
2.08e+06,0.5625
2.08e+06,0.562988
2.08e+06,0.563477
2.08e+06,0.563965
2.08e+06,0.564453
2.08e+06,0.564941
2.08e+06,0.56543
2.08e+06,0.565918
2.08e+06,0.566406
2.08e+06,0.566895
2.08e+06,0.567383
2.08e+06,0.567871
2.08e+06,0.568359
2.08e+06,0.568848
2.08e+06,0.569336
2.08e+06,0.569824
2.08e+06,0.570312
2.08e+06,0.570801
2.08e+06,0.571289
2.08e+06,0.571777
2.08e+06,0.572266
2.08e+06,0.572754
2.08e+06,0.573242
2.08e+06,0.57373
2.08e+06,0.574219
2.08e+06,0.574707
2.08e+06,0.575195
2.08e+06,0.575684
2.08e+06,0.576172
2.08e+06,0.57666
2.08e+06,0.577148
2.08e+06,0.577637
2.08e+06,0.578125
2.08e+06,0.578613
2.08e+06,0.579102
2.08e+06,0.57959
2.08e+06,0.580078
2.08e+06,0.580566
2.08e+06,0.581055
2.08e+06,0.581543
2.08e+06,0.582031
2.08e+06,0.58252
2.08e+06,0.583008
2.08e+06,0.583496
2.08e+06,0.583984
2.08e+06,0.584473
2.08e+06,0.584961
2.08e+06,0.585449
2.08e+06,0.585938
2.08e+06,0.586426
2.08e+06,0.586914
2.08e+06,0.587402
2.08e+06,0.587891
2.08e+06,0.588379
2.08e+06,0.588867
2.08e+06,0.589355
2.08e+06,0.589844
2.08e+06,0.590332
2.08e+06,0.59082
2.08e+06,0.591309
2.08e+06,0.591797
2.08e+06,0.592285
2.08e+06,0.592773
2.08e+06,0.593262
2.08e+06,0.59375
2.08e+06,0.594238
2.08e+06,0.594727
2.08e+06,0.595215
2.08e+06,0.595703
2.08e+06,0.596191
2.08e+06,0.59668
2.08e+06,0.597168
2.08e+06,0.597656
2.08e+06,0.598145
2.08e+06,0.598633
2.08e+06,0.599121
2.08e+06,0.599609
2.08e+06,0.600098
2.08e+06,0.600586
2.08e+06,0.601074
2.08e+06,0.601562
2.08e+06,0.602051
2.08e+06,0.602539
2.08e+06,0.603027
2.08e+06,0.603516
2.08e+06,0.604004
2.08e+06,0.604492
2.08e+06,0.60498
2.08e+06,0.605469
2.08e+06,0.605957
2.08e+06,0.606445
2.08e+06,0.606934
2.08e+06,0.607422
2.08e+06,0.60791
2.08e+06,0.608398
2.08e+06,0.608887
2.08e+06,0.609375
2.08e+06,0.609863
2.08e+06,0.610352
2.08e+06,0.61084
2.08e+06,0.611328
2.08e+06,0.611816
2.1e+06,0.612305
2.1e+06,0.612793
2.1e+06,0.613281
2.1e+06,0.61377
2.1e+06,0.614258
2.1e+06,0.614746
2.1e+06,0.615234
2.1e+06,0.615723
2.1e+06,0.616211
2.1e+06,0.616699
2.1e+06,0.617188
2.1e+06,0.617676
2.1e+06,0.618164
2.1e+06,0.618652
2.1e+06,0.619141
2.1e+06,0.619629
2.1e+06,0.620117
2.1e+06,0.620605
2.1e+06,0.621094
2.1e+06,0.621582
2.1e+06,0.62207
2.1e+06,0.622559
2.1e+06,0.623047
2.1e+06,0.623535
2.1e+06,0.624023
2.1e+06,0.624512
2.1e+06,0.625
2.1e+06,0.625488
2.1e+06,0.625977
2.1e+06,0.626465
2.1e+06,0.626953
2.1e+06,0.627441
2.1e+06,0.62793
2.1e+06,0.628418
2.1e+06,0.628906
2.1e+06,0.629395
2.1e+06,0.629883
2.1e+06,0.630371
2.1e+06,0.630859
2.1e+06,0.631348
2.1e+06,0.631836
2.1e+06,0.632324
2.1e+06,0.632812
2.1e+06,0.633301
2.1e+06,0.633789
2.1e+06,0.634277
2.1e+06,0.634766
2.1e+06,0.635254
2.1e+06,0.635742
2.1e+06,0.63623
2.1e+06,0.636719
2.1e+06,0.637207
2.1e+06,0.637695
2.1e+06,0.638184
2.1e+06,0.638672
2.1e+06,0.63916
2.1e+06,0.639648
2.1e+06,0.640137
2.1e+06,0.640625
2.1e+06,0.641113
2.1e+06,0.641602
2.1e+06,0.64209
2.1e+06,0.642578
2.1e+06,0.643066
2.1e+06,0.643555
2.1e+06,0.644043
2.1e+06,0.644531
2.1e+06,0.64502
2.1e+06,0.645508
2.1e+06,0.645996
2.1e+06,0.646484
2.1e+06,0.646973
2.1e+06,0.647461
2.1e+06,0.647949
2.1e+06,0.648438
2.1e+06,0.648926
2.1e+06,0.649414
2.1e+06,0.649902
2.1e+06,0.650391
2.1e+06,0.650879
2.1e+06,0.651367
2.1e+06,0.651855
2.1e+06,0.652344
2.1e+06,0.652832
2.1e+06,0.65332
2.1e+06,0.653809
2.1e+06,0.654297
2.1e+06,0.654785
2.1e+06,0.655273
2.1e+06,0.655762
2.1e+06,0.65625
2.1e+06,0.656738
2.1e+06,0.657227
2.1e+06,0.657715
2.1e+06,0.658203
2.1e+06,0.658691
2.1e+06,0.65918
2.1e+06,0.659668
2.1e+06,0.660156
2.1e+06,0.660645
2.1e+06,0.661133
2.1e+06,0.661621
2.1e+06,0.662109
2.1e+06,0.662598
2.1e+06,0.663086
2.1e+06,0.663574
2.1e+06,0.664062
2.1e+06,0.664551
2.1e+06,0.665039
2.1e+06,0.665527
2.1e+06,0.666016
2.1e+06,0.666504
2.1e+06,0.666992
2.1e+06,0.66748
2.1e+06,0.667969
2.1e+06,0.668457
2.1e+06,0.668945
2.1e+06,0.669434
2.1e+06,0.669922
2.1e+06,0.67041
2.1e+06,0.670898
2.1e+06,0.671387
2.1e+06,0.671875
2.1e+06,0.672363
2.1e+06,0.672852
2.1e+06,0.67334
2.1e+06,0.673828
2.1e+06,0.674316
2.1e+06,0.674805
2.1e+06,0.675293
2.1e+06,0.675781
2.1e+06,0.67627
2.1e+06,0.676758
2.1e+06,0.677246
2.1e+06,0.677734
2.1e+06,0.678223
2.1e+06,0.678711
2.1e+06,0.679199
2.1e+06,0.679688
2.1e+06,0.680176
2.1e+06,0.680664
2.1e+06,0.681152
2.1e+06,0.681641
2.1e+06,0.682129
2.1e+06,0.682617
2.1e+06,0.683105
2.1e+06,0.683594
2.1e+06,0.684082
2.1e+06,0.68457
2.1e+06,0.685059
2.1e+06,0.685547
2.1e+06,0.686035
2.1e+06,0.686523
2.1e+06,0.687012
2.1e+06,0.6875
2.1e+06,0.687988
2.1e+06,0.688477
2.1e+06,0.688965
2.1e+06,0.689453
2.1e+06,0.689941
2.1e+06,0.69043
2.1e+06,0.690918
2.1e+06,0.691406
2.1e+06,0.691895
2.1e+06,0.692383
2.1e+06,0.692871
2.1e+06,0.693359
2.1e+06,0.693848
2.1e+06,0.694336
2.1e+06,0.694824
2.1e+06,0.695312
2.1e+06,0.695801
2.1e+06,0.696289
2.1e+06,0.696777
2.1e+06,0.697266
2.1e+06,0.697754
2.1e+06,0.698242
2.1e+06,0.69873
2.1e+06,0.699219
2.1e+06,0.699707
2.1e+06,0.700195
2.1e+06,0.700684
2.1e+06,0.701172
2.1e+06,0.70166
2.1e+06,0.702148
2.1e+06,0.702637
2.1e+06,0.703125
2.1e+06,0.703613
2.1e+06,0.704102
2.1e+06,0.70459
2.1e+06,0.705078
2.1e+06,0.705566
2.1e+06,0.706055
2.1e+06,0.706543
2.1e+06,0.707031
2.1e+06,0.70752
2.1e+06,0.708008
2.1e+06,0.708496
2.1e+06,0.708984
2.1e+06,0.709473
2.1e+06,0.709961
2.1e+06,0.710449
2.1e+06,0.710938
2.1e+06,0.711426
2.1e+06,0.711914
2.1e+06,0.712402
2.1e+06,0.712891
2.1e+06,0.713379
2.1e+06,0.713867
2.1e+06,0.714355
2.1e+06,0.714844
2.1e+06,0.715332
2.1e+06,0.71582
2.102e+06,0.716309
2.12e+06,0.716797
2.12e+06,0.717285
2.12e+06,0.717773
2.12e+06,0.718262
2.12e+06,0.71875
2.12e+06,0.719238
2.12e+06,0.719727
2.12e+06,0.720215
2.12e+06,0.720703
2.12e+06,0.721191
2.12e+06,0.72168
2.12e+06,0.722168
2.12e+06,0.722656
2.12e+06,0.723145
2.12e+06,0.723633
2.12e+06,0.724121
2.12e+06,0.724609
2.12e+06,0.725098
2.12e+06,0.725586
2.12e+06,0.726074
2.12e+06,0.726562
2.12e+06,0.727051
2.12e+06,0.727539
2.12e+06,0.728027
2.12e+06,0.728516
2.12e+06,0.729004
2.12e+06,0.729492
2.12e+06,0.72998
2.12e+06,0.730469
2.12e+06,0.730957
2.12e+06,0.731445
2.12e+06,0.731934
2.12e+06,0.732422
2.12e+06,0.73291
2.12e+06,0.733398
2.12e+06,0.733887
2.12e+06,0.734375
2.12e+06,0.734863
2.12e+06,0.735352
2.12e+06,0.73584
2.12e+06,0.736328
2.12e+06,0.736816
2.12e+06,0.737305
2.12e+06,0.737793
2.12e+06,0.738281
2.12e+06,0.73877
2.12e+06,0.739258
2.12e+06,0.739746
2.12e+06,0.740234
2.12e+06,0.740723
2.12e+06,0.741211
2.12e+06,0.741699
2.12e+06,0.742188
2.12e+06,0.742676
2.12e+06,0.743164
2.12e+06,0.743652
2.12e+06,0.744141
2.12e+06,0.744629
2.12e+06,0.745117
2.12e+06,0.745605
2.12e+06,0.746094
2.12e+06,0.746582
2.12e+06,0.74707
2.12e+06,0.747559
2.12e+06,0.748047
2.12e+06,0.748535
2.12e+06,0.749023
2.12e+06,0.749512
2.12e+06,0.75
2.12e+06,0.750488
2.12e+06,0.750977
2.12e+06,0.751465
2.12e+06,0.751953
2.12e+06,0.752441
2.12e+06,0.75293
2.12e+06,0.753418
2.12e+06,0.753906
2.12e+06,0.754395
2.12e+06,0.754883
2.12e+06,0.755371
2.12e+06,0.755859
2.12e+06,0.756348
2.12e+06,0.756836
2.12e+06,0.757324
2.12e+06,0.757812
2.12e+06,0.758301
2.12e+06,0.758789
2.12e+06,0.759277
2.12e+06,0.759766
2.12e+06,0.760254
2.12e+06,0.760742
2.12e+06,0.76123
2.12e+06,0.761719
2.12e+06,0.762207
2.12e+06,0.762695
2.12e+06,0.763184
2.12e+06,0.763672
2.12e+06,0.76416
2.12e+06,0.764648
2.12e+06,0.765137
2.12e+06,0.765625
2.12e+06,0.766113
2.12e+06,0.766602
2.12e+06,0.76709
2.12e+06,0.767578
2.12e+06,0.768066
2.12e+06,0.768555
2.12e+06,0.769043
2.12e+06,0.769531
2.12e+06,0.77002
2.12e+06,0.770508
2.12e+06,0.770996
2.12e+06,0.771484
2.12e+06,0.771973
2.12e+06,0.772461
2.12e+06,0.772949
2.12e+06,0.773438
2.12e+06,0.773926
2.12e+06,0.774414
2.12e+06,0.774902
2.12e+06,0.775391
2.12e+06,0.775879
2.12e+06,0.776367
2.12e+06,0.776855
2.12e+06,0.777344
2.12e+06,0.777832
2.12e+06,0.77832
2.12e+06,0.778809
2.12e+06,0.779297
2.12e+06,0.779785
2.12e+06,0.780273
2.12e+06,0.780762
2.12e+06,0.78125
2.12e+06,0.781738
2.12e+06,0.782227
2.12e+06,0.782715
2.12e+06,0.783203
2.12e+06,0.783691
2.12e+06,0.78418
2.12e+06,0.784668
2.12e+06,0.785156
2.12e+06,0.785645
2.12e+06,0.786133
2.12e+06,0.786621
2.12e+06,0.787109
2.12e+06,0.787598
2.12e+06,0.788086
2.12e+06,0.788574
2.12e+06,0.789062
2.12e+06,0.789551
2.12e+06,0.790039
2.12e+06,0.790527
2.12e+06,0.791016
2.12e+06,0.791504
2.12e+06,0.791992
2.12e+06,0.79248
2.12e+06,0.792969
2.12e+06,0.793457
2.12e+06,0.793945
2.12e+06,0.794434
2.12e+06,0.794922
2.12e+06,0.79541
2.12e+06,0.795898
2.12e+06,0.796387
2.12e+06,0.796875
2.12e+06,0.797363
2.12e+06,0.797852
2.12e+06,0.79834
2.12e+06,0.798828
2.12e+06,0.799316
2.12e+06,0.799805
2.12e+06,0.800293
2.12e+06,0.800781
2.12e+06,0.80127
2.12e+06,0.801758
2.12e+06,0.802246
2.12e+06,0.802734
2.12e+06,0.803223
2.12e+06,0.803711
2.12e+06,0.804199
2.12e+06,0.804688
2.12e+06,0.805176
2.12e+06,0.805664
2.12e+06,0.806152
2.14e+06,0.806641
2.14e+06,0.807129
2.14e+06,0.807617
2.14e+06,0.808105
2.14e+06,0.808594
2.14e+06,0.809082
2.14e+06,0.80957
2.14e+06,0.810059
2.14e+06,0.810547
2.14e+06,0.811035
2.14e+06,0.811523
2.14e+06,0.812012
2.14e+06,0.8125
2.14e+06,0.812988
2.14e+06,0.813477
2.14e+06,0.813965
2.14e+06,0.814453
2.14e+06,0.814941
2.14e+06,0.81543
2.14e+06,0.815918
2.14e+06,0.816406
2.14e+06,0.816895
2.14e+06,0.817383
2.14e+06,0.817871
2.14e+06,0.818359
2.14e+06,0.818848
2.14e+06,0.819336
2.14e+06,0.819824
2.14e+06,0.820312
2.14e+06,0.820801
2.14e+06,0.821289
2.14e+06,0.821777
2.14e+06,0.822266
2.14e+06,0.822754
2.14e+06,0.823242
2.14e+06,0.82373
2.14e+06,0.824219
2.14e+06,0.824707
2.14e+06,0.825195
2.14e+06,0.825684
2.14e+06,0.826172
2.14e+06,0.82666
2.14e+06,0.827148
2.14e+06,0.827637
2.14e+06,0.828125
2.14e+06,0.828613
2.14e+06,0.829102
2.14e+06,0.82959
2.14e+06,0.830078
2.14e+06,0.830566
2.14e+06,0.831055
2.14e+06,0.831543
2.14e+06,0.832031
2.14e+06,0.83252
2.14e+06,0.833008
2.14e+06,0.833496
2.14e+06,0.833984
2.14e+06,0.834473
2.14e+06,0.834961
2.14e+06,0.835449
2.14e+06,0.835938
2.14e+06,0.836426
2.14e+06,0.836914
2.14e+06,0.837402
2.14e+06,0.837891
2.14e+06,0.838379
2.14e+06,0.838867
2.14e+06,0.839355
2.14e+06,0.839844
2.14e+06,0.840332
2.14e+06,0.84082
2.14e+06,0.841309
2.14e+06,0.841797
2.14e+06,0.842285
2.14e+06,0.842773
2.14e+06,0.843262
2.14e+06,0.84375
2.14e+06,0.844238
2.14e+06,0.844727
2.14e+06,0.845215
2.14e+06,0.845703
2.14e+06,0.846191
2.14e+06,0.84668
2.14e+06,0.847168
2.14e+06,0.847656
2.14e+06,0.848145
2.14e+06,0.848633
2.14e+06,0.849121
2.14e+06,0.849609
2.14e+06,0.850098
2.14e+06,0.850586
2.14e+06,0.851074
2.14e+06,0.851562
2.14e+06,0.852051
2.14e+06,0.852539
2.14e+06,0.853027
2.14e+06,0.853516
2.14e+06,0.854004
2.14e+06,0.854492
2.14e+06,0.85498
2.14e+06,0.855469
2.14e+06,0.855957
2.14e+06,0.856445
2.14e+06,0.856934
2.14e+06,0.857422
2.14e+06,0.85791
2.14e+06,0.858398
2.14e+06,0.858887
2.14e+06,0.859375
2.14e+06,0.859863
2.14e+06,0.860352
2.14e+06,0.86084
2.14e+06,0.861328
2.14e+06,0.861816
2.14e+06,0.862305
2.14e+06,0.862793
2.14e+06,0.863281
2.14e+06,0.86377
2.14e+06,0.864258
2.14e+06,0.864746
2.14e+06,0.865234
2.14e+06,0.865723
2.14e+06,0.866211
2.14e+06,0.866699
2.14e+06,0.867188
2.14e+06,0.867676
2.14e+06,0.868164
2.14e+06,0.868652
2.14e+06,0.869141
2.14e+06,0.869629
2.14e+06,0.870117
2.14e+06,0.870605
2.14e+06,0.871094
2.14e+06,0.871582
2.14e+06,0.87207
2.14e+06,0.872559
2.14e+06,0.873047
2.14e+06,0.873535
2.14e+06,0.874023
2.14e+06,0.874512
2.14e+06,0.875
2.14e+06,0.875488
2.14e+06,0.875977
2.14e+06,0.876465
2.14e+06,0.876953
2.14e+06,0.877441
2.14e+06,0.87793
2.14e+06,0.878418
2.14e+06,0.878906
2.14e+06,0.879395
2.16e+06,0.879883
2.16e+06,0.880371
2.16e+06,0.880859
2.16e+06,0.881348
2.16e+06,0.881836
2.16e+06,0.882324
2.16e+06,0.882812
2.16e+06,0.883301
2.16e+06,0.883789
2.16e+06,0.884277
2.16e+06,0.884766
2.16e+06,0.885254
2.16e+06,0.885742
2.16e+06,0.88623
2.16e+06,0.886719
2.16e+06,0.887207
2.16e+06,0.887695
2.16e+06,0.888184
2.16e+06,0.888672
2.16e+06,0.88916
2.16e+06,0.889648
2.16e+06,0.890137
2.16e+06,0.890625
2.16e+06,0.891113
2.16e+06,0.891602
2.16e+06,0.89209
2.16e+06,0.892578
2.16e+06,0.893066
2.16e+06,0.893555
2.16e+06,0.894043
2.16e+06,0.894531
2.16e+06,0.89502
2.16e+06,0.895508
2.16e+06,0.895996
2.16e+06,0.896484
2.16e+06,0.896973
2.16e+06,0.897461
2.16e+06,0.897949
2.16e+06,0.898438
2.16e+06,0.898926
2.16e+06,0.899414
2.16e+06,0.899902
2.16e+06,0.900391
2.16e+06,0.900879
2.16e+06,0.901367
2.16e+06,0.901855
2.16e+06,0.902344
2.16e+06,0.902832
2.16e+06,0.90332
2.16e+06,0.903809
2.16e+06,0.904297
2.16e+06,0.904785
2.16e+06,0.905273
2.16e+06,0.905762
2.16e+06,0.90625
2.16e+06,0.906738
2.16e+06,0.907227
2.16e+06,0.907715
2.16e+06,0.908203
2.16e+06,0.908691
2.16e+06,0.90918
2.16e+06,0.909668
2.16e+06,0.910156
2.16e+06,0.910645
2.16e+06,0.911133
2.16e+06,0.911621
2.16e+06,0.912109
2.16e+06,0.912598
2.16e+06,0.913086
2.16e+06,0.913574
2.16e+06,0.914062
2.16e+06,0.914551
2.16e+06,0.915039
2.16e+06,0.915527
2.16e+06,0.916016
2.16e+06,0.916504
2.16e+06,0.916992
2.16e+06,0.91748
2.16e+06,0.917969
2.16e+06,0.918457
2.16e+06,0.918945
2.16e+06,0.919434
2.16e+06,0.919922
2.16e+06,0.92041
2.16e+06,0.920898
2.16e+06,0.921387
2.16e+06,0.921875
2.16e+06,0.922363
2.16e+06,0.922852
2.16e+06,0.92334
2.16e+06,0.923828
2.16e+06,0.924316
2.16e+06,0.924805
2.16e+06,0.925293
2.16e+06,0.925781
2.16e+06,0.92627
2.16e+06,0.926758
2.16e+06,0.927246
2.16e+06,0.927734
2.16e+06,0.928223
2.16e+06,0.928711
2.16e+06,0.929199
2.16e+06,0.929688
2.16e+06,0.930176
2.16e+06,0.930664
2.16e+06,0.931152
2.16e+06,0.931641
2.16e+06,0.932129
2.16e+06,0.932617
2.16e+06,0.933105
2.16e+06,0.933594
2.16e+06,0.934082
2.16e+06,0.93457
2.16e+06,0.935059
2.16e+06,0.935547
2.16e+06,0.936035
2.16e+06,0.936523
2.16e+06,0.937012
2.16e+06,0.9375
2.16e+06,0.937988
2.16e+06,0.938477
2.16e+06,0.938965
2.18e+06,0.939453
2.18e+06,0.939941
2.18e+06,0.94043
2.18e+06,0.940918
2.18e+06,0.941406
2.18e+06,0.941895
2.18e+06,0.942383
2.18e+06,0.942871
2.18e+06,0.943359
2.18e+06,0.943848
2.18e+06,0.944336
2.18e+06,0.944824
2.18e+06,0.945312
2.18e+06,0.945801
2.18e+06,0.946289
2.18e+06,0.946777
2.18e+06,0.947266
2.18e+06,0.947754
2.18e+06,0.948242
2.18e+06,0.94873
2.18e+06,0.949219
2.18e+06,0.949707
2.18e+06,0.950195
2.18e+06,0.950684
2.18e+06,0.951172
2.18e+06,0.95166
2.18e+06,0.952148
2.18e+06,0.952637
2.18e+06,0.953125
2.18e+06,0.953613
2.18e+06,0.954102
2.18e+06,0.95459
2.18e+06,0.955078
2.18e+06,0.955566
2.18e+06,0.956055
2.18e+06,0.956543
2.18e+06,0.957031
2.18e+06,0.95752
2.18e+06,0.958008
2.18e+06,0.958496
2.18e+06,0.958984
2.18e+06,0.959473
2.18e+06,0.959961
2.18e+06,0.960449
2.18e+06,0.960938
2.18e+06,0.961426
2.18e+06,0.961914
2.18e+06,0.962402
2.18e+06,0.962891
2.18e+06,0.963379
2.18e+06,0.963867
2.18e+06,0.964355
2.18e+06,0.964844
2.18e+06,0.965332
2.18e+06,0.96582
2.18e+06,0.966309
2.18e+06,0.966797
2.18e+06,0.967285
2.18e+06,0.967773
2.18e+06,0.968262
2.18e+06,0.96875
2.18e+06,0.969238
2.18e+06,0.969727
2.18e+06,0.970215
2.18e+06,0.970703
2.18e+06,0.971191
2.18e+06,0.97168
2.18e+06,0.972168
2.18e+06,0.972656
2.18e+06,0.973145
2.18e+06,0.973633
2.18e+06,0.974121
2.18e+06,0.974609
2.18e+06,0.975098
2.18e+06,0.975586
2.18e+06,0.976074
2.18e+06,0.976562
2.18e+06,0.977051
2.18e+06,0.977539
2.18e+06,0.978027
2.18e+06,0.978516
2.18e+06,0.979004
2.18e+06,0.979492
2.18e+06,0.97998
2.18e+06,0.980469
2.18e+06,0.980957
2.18e+06,0.981445
2.18e+06,0.981934
2.18e+06,0.982422
2.18e+06,0.98291
2.18e+06,0.983398
2.18e+06,0.983887
2.18e+06,0.984375
2.18e+06,0.984863
2.18e+06,0.985352
2.18e+06,0.98584
2.18e+06,0.986328
2.18e+06,0.986816
2.18e+06,0.987305
2.18e+06,0.987793
2.18e+06,0.988281
2.18e+06,0.98877
2.18e+06,0.989258
2.18e+06,0.989746
2.18e+06,0.990234
2.18e+06,0.990723
2.18e+06,0.991211
2.18e+06,0.991699
2.18e+06,0.992188
2.18e+06,0.992676
2.18e+06,0.993164
2.18e+06,0.993652
2.18e+06,0.994141
2.18e+06,0.994629
2.18e+06,0.995117
2.18e+06,0.995605
2.18e+06,0.996094
2.18e+06,0.996582
2.18e+06,0.99707
2.18e+06,0.997559
2.18e+06,0.998047
2.617e+06,0.998535
3.153e+06,0.999023
3.847e+06,0.999512
4.064e+06,1
